内容,ノートブック,本文,許容差,判定
1節 2021年度末の債務比率(%),172.0610158948999,172.1,0.06,OK
1節 2022年度末の債務比率(%),173.6152914381455,173.6,0.06,OK
1節 2025年度末の債務比率(%),164.16656322309842,164.2,0.06,OK
4節 2002年度末の債務比率(%),79.37069889904255,79.4,0.06,OK
1節 2021年度末の普通国債残高(兆円),991.4111,991.0,0.5,OK
1節 2025年度末の普通国債残高(兆円),1104.2984,1104.0,0.5,OK
1節 残高の増加(兆円),112.88729999999987,113.0,0.5,OK
1節 2023年度のデフレーター(%),4.755124860405413,4.8,0.05,OK
1節 2024年度のデフレーター(%),3.2261552503453084,3.2,0.05,OK
1節 2025年度のデフレーター(%),3.3492019814215235,3.3,0.05,OK
4節 2023年度の見通し(%),0.5911330049261032,0.6,0.05,OK
表2 2022〜25 債務比率の変化,-7.8944526718014885,-7.9,0.06,OK
表2 2022〜25 利払い,5.315693095490181,5.3,0.06,OK
表2 2022〜25 事前の名目成長,-18.742031506853053,-18.7,0.06,OK
表2 2022〜25 予想外の物価,-13.911001132707367,-13.9,0.06,OK
表2 2022〜25 予想外の実質成長,6.75289303891377,6.8,0.06,OK
表2 2022〜25 赤字等（残差）,12.689993833354979,12.7,0.06,OK
表2 2003〜21 債務比率の変化,92.69031699585736,92.7,0.06,OK
表2 2003〜21 利払い,27.793569780225152,27.8,0.06,OK
表2 2003〜21 事前の名目成長,-50.43838132038343,-50.4,0.06,OK
表2 2003〜21 予想外の物価,11.500027805299336,11.5,0.06,OK
表2 2003〜21 予想外の実質成長,25.005024280423708,25.0,0.06,OK
表2 2003〜21 赤字等（残差）,78.83007645029261,78.8,0.06,OK
表2 2003〜25 債務比率の変化,84.79586432405587,84.8,0.06,OK
表2 2003〜25 利払い,33.10926287571533,33.1,0.06,OK
表2 2003〜25 事前の名目成長,-69.18041282723648,-69.2,0.06,OK
表2 2003〜25 予想外の物価,-2.410973327408032,-2.4,0.06,OK
表2 2003〜25 予想外の実質成長,31.75791731933748,31.8,0.06,OK
表2 2003〜25 赤字等（残差）,91.5200702836476,91.5,0.06,OK
4節 予想外を除いた2022〜25の変化(pt),-0.736344578007893,-0.7,0.06,OK
4節 2023年度の予想外の物価の寄与(pt),-6.994744912612859,-7.0,0.06,OK
表3 0-0,171.28604549443028,171.3,0.06,OK
表3 0-1,172.24791994495834,172.2,0.06,OK
表3 0-2,173.20979439548637,173.2,0.06,OK
表3 1-0,178.10454497369432,178.1,0.06,OK
表3 1-1,180.56279957869256,180.6,0.06,OK
表3 1-2,183.02105418369084,183.0,0.06,OK
表4 2003〜2021 平均,-0.5196839106448969,-0.52,0.006,OK
表4 2003〜2021 t値,-3.3776385845124475,-3.4,0.06,OK
表4 2022〜2025 平均,2.085904675825673,2.09,0.006,OK
表4 2022〜2025 t値,6.642852978696131,6.6,0.06,OK
表4 2003〜2025 平均,-0.06653806951958048,-0.07,0.006,OK
表4 2003〜2025 t値,-0.18469887090441361,-0.2,0.06,OK
表5 政府経済見通し 2004〜21,10.951107291426748,10.95,0.006,OK
表5 政府経済見通し 2022〜25,-13.91100113270737,-13.91,0.006,OK
表5 過去3年度の平均の実績 2004〜21,-4.94735638485699,-4.95,0.006,OK
表5 過去3年度の平均の実績 2022〜25,-10.087450130591403,-10.09,0.006,OK
表5 前年度の実績 2004〜21,-1.797975745138154,-1.8,0.006,OK
表5 前年度の実績 2022〜25,-5.577662735744295,-5.58,0.006,OK
表5 ESP 2019〜21,-1.0935644006923835,-1.09,0.006,OK
表5 ESP 2022〜25,-11.248278402388717,-11.25,0.006,OK
表5 公表当時 2015〜21,7.54551261945133,7.55,0.006,OK
表5 公表当時 2022〜25,-11.299949609813034,-11.3,0.006,OK
5.3節 最新 2015〜21,3.769226564895746,3.8,0.06,OK
5.2節 2004〜2025の合計 政府,-2.9598938412806204,-2.96,0.006,OK
5.2節 2004〜2025の合計 前年実績,-7.375638480882449,-7.38,0.006,OK
5.2節 2004〜2025の合計 3年平均,-15.034806515448391,-15.03,0.006,OK
5.2節 RMSE 政府,0.7658277055505169,0.77,0.006,OK
5.2節 RMSE 前年実績,0.8711812085103415,0.87,0.006,OK
5.2節 RMSE 3年平均,1.1114808867118422,1.11,0.006,OK
5.4節 税収の増加率(%),38.4748181567075,38.0,0.6,OK
5.4節 名目GDPの増加率(%),21.29092063748508,21.0,0.6,OK
5.4節 対数の比,1.6864330560702139,1.7,0.06,OK
6.1節 2002年度末 預金取扱機関,32.357342998846896,32.0,0.6,OK
6.1節 2002年度末 保険・年金基金,21.19352628461397,21.0,0.6,OK
6.1節 2002年度末 政府・公的金融,19.68015790636657,20.0,0.6,OK
6.1節 2002年度末 日本銀行,15.05872282270628,15.0,0.6,OK
6.1節 2025年度末 日本銀行,47.88411095807186,48.0,0.6,OK
6.1節 2025年度末 預金取扱機関,13.327093829984122,13.0,0.6,OK
6.1節 2025年度末 家計等,2.2701520158846917,2.3,0.06,OK
6.1節 2025年度末 海外,7.915505103348844,7.9,0.06,OK
表6 2022〜25 日本銀行,23.721942044454124,23.7,0.06,OK
表6 2022〜25 預金取扱機関,5.596103288391277,5.6,0.06,OK
表6 2022〜25 保険・年金基金,10.34986092926095,10.3,0.06,OK
表6 2022〜25 家計等,0.6753005930377926,0.7,0.06,OK
表6 2022〜25 海外,3.0934460130707357,3.1,0.06,OK
表6 2022〜25 政府・公的金融,2.305838998363539,2.3,0.06,OK
表6 2022〜25 その他,1.049844619113298,1.0,0.06,OK
表6 2022〜25 合計,46.79233648569172,46.8,0.06,OK
表6 2003〜21 日本銀行,-16.97178468596905,-17.0,0.06,OK
表6 2003〜21 預金取扱機関,-11.318887824625028,-11.3,0.06,OK
表6 2003〜21 保険・年金基金,-12.057691674145529,-12.1,0.06,OK
表6 2003〜21 家計等,-0.9810546777653593,-1.0,0.06,OK
表6 2003〜21 海外,-2.7193239613239903,-2.7,0.06,OK
表6 2003〜21 政府・公的金融,-2.9633765360740862,-3.0,0.06,OK
表6 2003〜21 その他,-1.1564242819074915,-1.2,0.06,OK
表6 2003〜21 合計,-48.16854364181054,-48.2,0.06,OK
6.2節 民間と海外の直接保有者の損失,20.764555442874055,20.8,0.06,OK
6.2節 デフレーター基準の国の利得(兆円),83.62725347359302,84.0,0.6,OK
6.2節 CPI基準の保有者の損失,46.79233648569172,47.0,0.6,OK
6.2節 倍率,1.7871997800145067,1.8,0.06,OK
"表7 一般政府 NNP(2021年度末,狭義)",-1150.9963,-1151.0,0.06,OK
表7 一般政府 損得(狭義),52.280623249860184,52.3,0.06,OK
表7 一般政府 損得(広義),52.280623249860184,52.3,0.06,OK
表7 一般政府 2003〜21(狭義),-59.962537965181454,-60.0,0.06,OK
表7 一般政府 2003〜21(広義),-59.962537965181454,-60.0,0.06,OK
"表7 預金取扱機関 NNP(2021年度末,狭義)",-194.2308,-194.2,0.06,OK
表7 預金取扱機関 損得(狭義),9.80373022885808,9.8,0.06,OK
表7 預金取扱機関 損得(広義),9.641324927099737,9.6,0.06,OK
表7 預金取扱機関 2003〜21(狭義),-7.376288780366444,-7.4,0.06,OK
表7 預金取扱機関 2003〜21(広義),-7.3097014374717,-7.3,0.06,OK
"表7 民間非金融法人 NNP(2021年度末,狭義)",-111.991,-112.0,0.06,OK
表7 民間非金融法人 損得(狭義),5.5552686184318425,5.6,0.06,OK
表7 民間非金融法人 損得(広義),5.992211280534982,6.0,0.06,OK
表7 民間非金融法人 2003〜21(狭義),-7.4365678627101435,-7.4,0.06,OK
表7 民間非金融法人 2003〜21(広義),-9.201516074393556,-9.2,0.06,OK
"表7 日本銀行 NNP(2021年度末,狭義)",-3.1289,-3.1,0.06,OK
表7 日本銀行 損得(狭義),0.24438768717382187,0.2,0.06,OK
表7 日本銀行 損得(広義),0.24438768717382187,0.2,0.06,OK
表7 日本銀行 2003〜21(狭義),0.7809080509640668,0.8,0.06,OK
表7 日本銀行 2003〜21(広義),0.7809080509640668,0.8,0.06,OK
"表7 保険・年金基金 NNP(2021年度末,狭義)",340.8047,340.8,0.06,OK
表7 保険・年金基金 損得(狭義),-15.17145384633011,-15.2,0.06,OK
表7 保険・年金基金 損得(広義),10.062374657162602,10.1,0.06,OK
表7 保険・年金基金 2003〜21(狭義),21.75257855762719,21.8,0.06,OK
表7 保険・年金基金 2003〜21(広義),-8.062358698218402,-8.1,0.06,OK
"表7 海外 NNP(2021年度末,狭義)",237.0713,237.1,0.06,OK
表7 海外 損得(狭義),-11.22628804829375,-11.2,0.06,OK
表7 海外 損得(広義),-11.253139242235003,-11.3,0.06,OK
表7 海外 2003〜21(狭義),8.581166431914385,8.6,0.06,OK
表7 海外 2003〜21(広義),8.6020489817551,8.6,0.06,OK
"表7 家計等 NNP(2021年度末,狭義)",803.8244,803.8,0.06,OK
表7 家計等 損得(狭義),-37.2628941532138,-37.3,0.06,OK
表7 家計等 損得(広義),-62.74440882311006,-62.7,0.06,OK
表7 家計等 2003〜21(狭義),41.30553039147139,41.3,0.06,OK
表7 家計等 2003〜21(広義),72.78832340156117,72.8,0.06,OK
"表7 その他 NNP(2021年度末,狭義)",78.64659999999998,78.6,0.06,OK
表7 その他 損得(狭義),-4.223373736486265,-4.2,0.06,OK
表7 その他 損得(広義),-4.2233737364862645,-4.2,0.06,OK
表7 その他 2003〜21(狭義),2.355211176281003,2.4,0.06,OK
表7 その他 2003〜21(広義),2.3648337409847713,2.4,0.06,OK
6.4節 家計の現金・預金(兆円),1170.9165,1171.0,0.6,OK
6.4節 家計の借入(兆円),404.8478,405.0,0.6,OK
6.4節 日銀の債務証券(兆円),487.6082,488.0,0.6,OK
6.4節 日銀の貸出(兆円),78.0993,78.0,0.6,OK
6.4節 日銀券・当座預金(兆円),580.6666,581.0,0.6,OK
7.1節 統合NNP 2025(兆円),-1052.842,-1052.8,0.06,OK
7.1節 統合NNP/GDP 2025(%),-156.51698196514042,-156.5,0.06,OK
7.1節 一般政府NNP 2025,-1022.1228,-1022.1,0.06,OK
7.1節 利得 一般政府,52.280623249860184,52.3,0.06,OK
7.1節 利得 日銀,0.24438768717382187,0.2,0.06,OK
7.1節 利得 統合,52.525010937034,52.5,0.06,OK
表8 2012 国債・財投債,525.8118,525.8,0.06,OK
表8 2012 国庫短期証券,115.16240000000002,115.2,0.06,OK
表8 2012 日銀券等,87.9121,87.9,0.06,OK
表8 2012 日銀預け金,58.1289,58.1,0.06,OK
表8 2012 借入,164.9182,164.9,0.06,OK
表8 2012 計,951.9334000000001,951.9,0.06,OK
表8 2012 割合(%),18.20414117206099,18.2,0.06,OK
表8 2019 国債・財投債,406.22720000000004,406.2,0.06,OK
表8 2019 国庫短期証券,85.8452,85.8,0.06,OK
表8 2019 日銀券等,114.5509,114.6,0.06,OK
表8 2019 日銀預け金,395.256,395.3,0.06,OK
表8 2019 借入,153.4221,153.4,0.06,OK
表8 2019 計,1155.3013999999998,1155.3,0.06,OK
表8 2019 割合(%),41.64291673151266,41.6,0.06,OK
表8 2021 国債・財投債,397.25100000000003,397.3,0.06,OK
表8 2021 国庫短期証券,140.3571,140.4,0.06,OK
表8 2021 日銀券等,124.8542,124.9,0.06,OK
表8 2021 日銀預け金,563.1785,563.2,0.06,OK
表8 2021 借入,153.4592,153.5,0.06,OK
表8 2021 計,1379.1000000000001,1379.1,0.06,OK
表8 2021 割合(%),51.014110651874404,51.0,0.06,OK
表8 2025 国債・財投債,372.24199999999996,372.2,0.06,OK
表8 2025 国庫短期証券,123.19910000000002,123.2,0.06,OK
表8 2025 日銀券等,120.9233,120.9,0.06,OK
表8 2025 日銀預け金,459.7433,459.7,0.06,OK
表8 2025 借入,146.1874,146.2,0.06,OK
表8 2025 計,1222.2951,1222.3,0.06,OK
表8 2025 割合(%),47.69244350239153,47.7,0.06,OK
7.2節 割合 2012,18.20414117206099,18.0,0.6,OK
7.2節 割合 2021,51.014110651874404,51.0,0.6,OK
7.2節 割合 2025,47.69244350239153,48.0,0.6,OK
7.3節 +1ptの追加利払い 2025構造,5.829424,5.8,0.06,OK
7.3節 +1ptの追加利払い 2021構造,7.035355999999999,7.0,0.06,OK
7.3節 付利の目安(%),1.0347501312145277,1.0,0.06,OK
7.3節 利得÷追加利払い(年),8.968402924518816,9.0,0.6,OK
3.2節 利払いの近似 2005,7.38540276,7.4,0.06,OK
3.2節 利払いの近似 2010,7.870125025000002,7.9,0.06,OK
3.2節 利払いの近似 2015,8.476209945,8.5,0.06,OK
3.2節 利払いの近似 2020,7.53690325,7.5,0.06,OK
