名目年度,,,,,,,,,,,,,,,<参考>,,,,,,,,,,,(単位:10億円),,,,,,
"Nominal, Fiscal Year",,,,,,,,,,,,,,,<cf>,,,,,,,,,,,(Billion Yen),,,,,,
,国内総生産(支出側),民間最終消費支出,,,民間住宅,民間企業設備,民間在庫変動,政府最終消費支出,公的固定資本形成,公的在庫変動,財貨・サービス,,,,海外からの所得,,,国民総所得,,国内需要,民間需要,公的需要,,総固定資本形成,,最終需要,,,,,,
,,,家計最終消費支出,,,,,,,,純輸出,輸出,輸入,,純受取,受取,支払,,,,,,,,,,,,,,,
,,,,除く持ち家の帰属家賃,,,,,,,,,,,,,,,,,,,,,,,,,,,,
,GDP(Expenditure Approach),PrivateConsumption,Consumption ofHouseholds,ExcludingImputed Rent,PrivateResidentialInvestment,Private Non-Resi.Investment,Changein PrivateInventories,GovernmentConsumption,PublicInvestment,Changein PublicInventories,Goods & Services,,,,Income from /to the Rest of the World,,,GNI,,DomesticDemand,PrivateDemand,PublicDemand,,Gross Fixed CapitalFormation,,Final Sales of Domestic Product,,,,,,
Fiscal Year,,,,,,,,,,,Net Exports,Exports,Imports,,Net,Receipt,Payment,,,,,,,,,,,,,,,
1994/4-3.,"511,954.6 ","270,949.0 ","266,246.6 ","230,793.5 ","30,816.8 ","80,484.5 ",-717.0 ,"76,328.4 ","44,955.3 ",424.7 ,"8,712.8 ","45,159.4 ","36,446.5 ",,"4,199.6 ","16,283.3 ","12,083.8 ","516,154.1 ",,"503,241.7 ","381,533.4 ","121,708.4 ",,"156,256.6 ",,"512,246.9 ",,,,,,
1995/4-3.,"525,304.5 ","276,329.8 ","271,386.7 ","234,397.6 ","29,132.9 ","85,897.5 ","1,264.9 ","79,149.3 ","47,866.8 ",273.9 ,"5,389.5 ","46,887.1 ","41,497.6 ",,"4,939.9 ","17,133.8 ","12,193.9 ","530,244.4 ",,"519,915.0 ","392,625.0 ","127,290.0 ",,"162,897.1 ",,"523,765.6 ",,,,,,
1996/4-3.,"538,658.4 ","283,764.2 ","278,701.2 ","240,048.2 ","32,971.3 ","89,692.6 ","1,539.7 ","81,806.4 ","47,087.7 ",172.9 ,"1,623.7 ","51,374.5 ","49,750.8 ",,"6,805.5 ","12,820.0 ","6,014.5 ","545,464.0 ",,"537,034.7 ","407,967.8 ","129,066.9 ",,"169,751.6 ",,"536,945.8 ",,,,,,
1997/4-3.,"542,500.5 ","284,789.0 ","279,738.0 ","239,450.4 ","27,991.0 ","91,411.1 ","3,544.9 ","83,390.8 ","44,330.4 ",214.5 ,"6,828.7 ","56,808.4 ","49,979.7 ",,"7,165.5 ","13,471.9 ","6,306.4 ","549,666.0 ",,"535,671.8 ","407,736.1 ","127,935.7 ",,"163,732.6 ",,"538,741.1 ",,,,,,
1998/4-3.,"534,567.3 ","284,704.3 ","278,923.4 ","237,599.8 ","24,626.1 ","87,008.7 ",-18.9 ,"84,466.8 ","44,386.6 ",-141.9 ,"9,535.4 ","54,129.4 ","44,593.9 ",,"6,176.8 ","11,716.4 ","5,539.6 ","540,744.1 ",,"525,031.8 ","396,320.2 ","128,711.6 ",,"156,021.5 ",,"534,728.0 ",,,,,,
1999/4-3.,"530,297.5 ","286,638.1 ","280,493.6 ","238,386.7 ","25,127.9 ","84,212.3 ","-3,124.0 ","86,155.2 ","43,523.6 ",-51.9 ,"7,816.4 ","52,827.0 ","45,010.6 ",,"6,846.1 ","10,900.5 ","4,054.3 ","537,143.7 ",,"522,481.1 ","392,854.2 ","129,626.9 ",,"152,863.7 ",,"533,473.4 ",,,,,,
2000/4-3.,"537,616.2 ","287,986.1 ","282,557.2 ","239,582.0 ","25,274.6 ","87,966.2 ",537.1 ,"89,491.2 ","40,152.8 ",-16.4 ,"6,224.7 ","56,468.4 ","50,243.7 ",,"8,230.7 ","12,371.8 ","4,141.0 ","545,847.0 ",,"531,391.5 ","401,764.0 ","129,627.6 ",,"153,393.5 ",,"537,095.6 ",,,,,,
2001/4-3.,"527,408.4 ","288,899.5 ","283,177.0 ","239,336.8 ","23,605.1 ","82,499.4 ","-1,013.3 ","92,354.3 ","37,399.0 ",-136.3 ,"3,800.8 ","53,278.8 ","49,478.0 ",,"8,226.2 ","11,943.6 ","3,717.4 ","535,634.6 ",,"523,607.6 ","393,990.7 ","129,617.0 ",,"143,503.4 ",,"528,558.0 ",,,,,,
2002/4-3.,"523,466.0 ","288,839.9 ","283,453.0 ","239,141.5 ","23,054.7 ","78,221.9 ",-955.7 ,"92,662.8 ","35,142.5 ",-81.6 ,"6,581.6 ","57,879.7 ","51,298.2 ",,"7,540.1 ","10,859.5 ","3,319.5 ","531,006.0 ",,"516,884.4 ","389,160.8 ","127,723.6 ",,"136,419.1 ",,"524,503.3 ",,,,,,
2003/4-3.,"526,222.6 ","288,063.8 ","282,309.6 ","237,327.7 ","23,155.8 ","78,796.3 ",772.6 ,"93,502.4 ","32,492.3 ",-167.1 ,"9,606.6 ","61,576.6 ","51,970.0 ",,"8,908.3 ","11,718.2 ","2,809.8 ","535,130.9 ",,"516,616.0 ","390,788.5 ","125,827.5 ",,"134,444.3 ",,"525,617.1 ",,,,,,
2004/4-3.,"529,633.6 ","289,850.8 ","284,161.4 ","238,339.8 ","23,773.0 ","81,037.9 ","1,440.4 ","93,952.3 ","30,019.5 ",133.5 ,"9,426.2 ","68,504.0 ","59,077.7 ",,"10,556.6 ","13,822.9 ","3,266.3 ","540,190.2 ",,"520,207.3 ","396,102.1 ","124,105.3 ",,"134,830.3 ",,"528,059.6 ",,,,,,
2005/4-3.,"534,109.7 ","293,095.1 ","287,214.1 ","240,504.5 ","23,895.8 ","87,009.3 ",511.4 ,"94,481.5 ","27,979.1 ",21.5 ,"7,116.1 ","76,745.9 ","69,629.7 ",,"12,879.4 ","17,381.0 ","4,501.6 ","546,989.1 ",,"526,993.6 ","404,511.5 ","122,482.0 ",,"138,884.1 ",,"533,576.9 ",,,,,,
2006/4-3.,"537,261.0 ","294,637.3 ","288,641.6 ","241,153.2 ","24,221.6 ","89,082.2 ",925.8 ,"94,097.9 ","26,544.2 ",-27.2 ,"7,779.3 ","85,966.1 ","78,186.8 ",,"15,085.4 ","21,075.7 ","5,990.3 ","552,346.4 ",,"529,481.6 ","408,866.8 ","120,614.8 ",,"139,848.0 ",,"536,362.4 ",,,,,,
2007/4-3.,"538,484.0 ","296,430.9 ","290,552.7 ","242,267.0 ","21,392.1 ","88,517.9 ","1,813.5 ","95,581.8 ","25,811.6 ",103.0 ,"8,833.3 ","94,602.0 ","85,768.8 ",,"16,573.6 ","23,391.2 ","6,817.6 ","555,057.7 ",,"529,650.8 ","408,154.4 ","121,496.4 ",,"135,721.7 ",,"536,567.6 ",,,,,,
2008/4-3.,"516,174.0 ","290,694.9 ","284,914.8 ","235,942.6 ","21,332.5 ","83,495.3 ","1,487.6 ","94,893.3 ","25,239.5 ",-22.0 ,-947.1 ,"80,651.2 ","81,598.3 ",,"12,681.6 ","18,111.6 ","5,430.0 ","528,855.6 ",,"517,121.1 ","397,010.4 ","120,110.8 ",,"130,067.3 ",,"514,708.4 ",,,,,,
2009/4-3.,"497,366.8 ","285,782.1 ","279,944.8 ","230,763.4 ","16,501.2 ","71,813.2 ","-4,580.9 ","96,075.9 ","26,722.5 ",53.7 ,"4,999.0 ","66,348.8 ","61,349.8 ",,"12,804.0 ","16,629.4 ","3,825.4 ","510,170.7 ",,"492,367.8 ","369,515.6 ","122,852.2 ",,"115,037.0 ",,"501,893.9 ",,,,,,
2010/4-3.,"504,872.1 ","286,108.6 ","280,122.1 ","230,792.4 ","17,239.7 ","72,539.8 ","1,105.8 ","97,753.9 ","24,801.8 ",-58.0 ,"5,380.5 ","76,081.6 ","70,701.1 ",,"13,787.5 ","18,014.7 ","4,227.2 ","518,659.6 ",,"499,491.6 ","376,993.9 ","122,497.7 ",,"114,581.3 ",,"503,824.2 ",,,,,,
2011/4-3.,"500,040.5 ","286,940.1 ","280,398.2 ","231,113.8 ","17,986.7 ","74,920.1 ","1,600.5 ","99,435.8 ","24,294.7 ",32.0 ,"-5,169.4 ","73,252.3 ","78,421.7 ",,"14,148.1 ","18,238.8 ","4,090.7 ","514,188.6 ",,"505,209.9 ","381,447.4 ","123,762.5 ",,"117,201.5 ",,"498,408.1 ",,,,,,
2012/4-3.,"499,423.9 ","289,480.4 ","282,599.6 ","233,140.2 ","18,680.7 ","75,794.8 ",307.2 ,"99,963.2 ","24,513.2 ",20.0 ,"-9,335.7 ","72,690.8 ","82,026.5 ",,"14,289.2 ","18,863.1 ","4,573.9 ","513,713.1 ",,"508,759.5 ","384,263.1 ","124,496.4 ",,"118,988.8 ",,"499,096.6 ",,,,,,
2013/4-3.,"512,685.6 ","298,780.3 ","291,857.5 ","242,234.9 ","20,777.5 ","80,547.3 ","-1,431.4 ","101,443.1 ","27,024.4 ",56.7 ,"-14,512.2 ","83,015.1 ","97,527.3 ",,"18,123.9 ","24,486.2 ","6,362.4 ","530,809.5 ",,"527,197.8 ","398,673.7 ","128,524.2 ",,"128,349.1 ",,"514,060.4 ",,,,,,
2014/4-3.,"523,418.3 ","297,518.1 ","291,158.1 ","241,668.5 ","19,768.3 ","83,792.6 ",217.7 ,"104,157.8 ","27,314.2 ",108.6 ,"-9,459.0 ","92,572.1 ","102,031.1 ",,"19,933.4 ","27,964.7 ","8,031.3 ","543,351.7 ",,"532,877.4 ","401,296.7 ","131,580.6 ",,"130,875.1 ",,"523,092.0 ",,,,,,
2015/4-3.,"540,739.4 ","299,839.2 ","292,821.7 ","243,501.7 ","20,396.3 ","86,962.4 ","1,402.7 ","106,285.5 ","27,021.5 ",-51.0 ,"-1,117.3 ","92,009.6 ","93,126.8 ",,"21,161.1 ","30,213.6 ","9,052.5 ","561,900.4 ",,"541,856.6 ","408,600.6 ","133,256.1 ",,"134,380.2 ",,"539,387.6 ",,,,,,
2016/4-3.,"544,827.2 ","298,333.5 ","290,941.3 ","241,892.0 ","21,251.1 ","87,000.6 ",210.2 ,"106,798.1 ","27,084.8 ",-281.3 ,"4,430.1 ","89,244.3 ","84,814.3 ",,"19,154.1 ","29,191.4 ","10,037.3 ","563,981.3 ",,"540,397.1 ","406,795.4 ","133,601.7 ",,"135,336.6 ",,"544,898.2 ",,,,,,
2017/4-3.,"555,687.4 ","303,046.0 ","295,591.2 ","246,747.0 ","21,255.0 ","90,108.4 ","1,748.6 ","107,708.6 ","27,687.1 ",89.4 ,"4,044.4 ","98,692.3 ","94,647.9 ",,"20,320.2 ","31,345.9 ","11,025.7 ","576,007.6 ",,"551,643.0 ","416,157.9 ","135,485.1 ",,"139,050.4 ",,"553,849.4 ",,,,,,
2018/4-3.,"556,419.1 ","305,085.7 ","298,302.9 ","249,619.8 ","20,530.7 ","91,765.1 ","2,375.2 ","109,099.0 ","28,383.9 ",-71.3 ,-749.2 ,"101,161.2 ","101,910.4 ",,"21,725.9 ","33,880.4 ","12,154.5 ","578,145.1 ",,"557,168.3 ","419,756.6 ","137,411.7 ",,"140,679.7 ",,"554,115.2 ",,,,,,
2019/4-3.,"558,264.8 ","304,197.0 ","296,774.9 ","248,184.3 ","21,381.7 ","91,550.2 ","2,105.9 ","111,714.7 ","29,258.5 ",-5.5 ,"-1,937.7 ","95,728.9 ","97,666.6 ",,"22,022.5 ","34,468.6 ","12,446.1 ","580,287.3 ",,"560,202.5 ","419,234.8 ","140,967.7 ",,"142,190.4 ",,"556,164.4 ",,,,,,
2020/4-3.,"536,263.5 ","285,915.4 ","277,607.8 ","229,062.0 ","19,949.2 ","84,853.6 ",826.3 ,"114,573.5 ","30,609.1 ",7.6 ,-471.1 ,"84,221.7 ","84,692.8 ",,"21,154.0 ","31,723.1 ","10,569.1 ","557,417.5 ",,"536,734.6 ","391,544.5 ","145,190.1 ",,"135,411.9 ",,"535,429.7 ",,,,,,
,,,,,,,,,,,,,,,,,,,,,,,,,,,,,,,,
