ym,cpi_all_items_2025base
197001,27.0
197002,27.1
197003,27.3
197004,27.6
197005,27.5
197006,27.5
197007,27.5
197008,27.4
197009,27.9
197010,28.3
197011,28.3
197012,28.5
197101,28.8
197102,28.8
197103,28.8
197104,29.2
197105,29.3
197106,29.4
197107,29.4
197108,29.4
197109,30.1
197110,30.2
197111,29.9
197112,29.9
197201,30.0
197202,30.1
197203,30.3
197204,30.7
197205,30.8
197206,30.9
197207,30.9
197208,31.1
197209,31.2
197210,31.5
197211,31.4
197212,31.6
197301,31.9
197302,32.2
197303,33.0
197304,33.6
197305,34.2
197306,34.2
197307,34.5
197308,34.7
197309,35.7
197310,35.9
197311,36.2
197312,37.4
197401,38.9
197402,40.2
197403,40.4
197404,41.5
197405,41.6
197406,41.9
197407,42.7
197408,43.1
197409,43.7
197410,44.7
197411,45.1
197412,45.2
197501,45.8
197502,45.8
197503,46.2
197504,47.0
197505,47.3
197506,47.3
197507,47.4
197508,47.3
197509,48.3
197510,49.1
197511,48.8
197512,48.8
197601,49.7
197602,50.1
197603,50.3
197604,51.5
197605,51.7
197606,51.8
197607,52.0
197608,51.8
197609,53.0
197610,53.3
197611,53.3
197612,54.0
197701,54.4
197702,54.7
197703,55.0
197704,55.9
197705,56.5
197706,56.2
197707,56.1
197708,56.2
197709,57.1
197710,57.4
197711,56.8
197712,56.7
197801,56.9
197802,57.2
197803,57.7
197804,58.3
197805,58.7
197806,58.4
197807,58.6
197808,58.8
197809,59.4
197810,59.5
197811,58.9
197812,58.9
197901,58.9
197902,58.8
197903,59.3
197904,60.1
197905,60.6
197906,60.7
197907,61.2
197908,60.6
197909,61.3
197910,62.1
197911,61.9
197912,62.2
198001,62.8
198002,63.4
198003,63.7
198004,64.9
198005,65.4
198006,65.7
198007,65.8
198008,65.5
198009,66.7
198010,66.8
198011,67.0
198012,66.7
198101,67.4
198102,67.3
198103,67.6
198104,68.1
198105,68.7
198106,68.8
198107,68.6
198108,68.3
198109,69.3
198110,69.6
198111,69.5
198112,69.6
198201,69.6
198202,69.5
198203,69.6
198204,70.1
198205,70.4
198206,70.4
198207,69.9
198208,70.5
198209,71.5
198210,71.7
198211,71.1
198212,71.0
198301,71.1
198302,70.8
198303,71.2
198304,71.5
198305,72.3
198306,71.8
198307,71.5
198308,71.4
198309,72.2
198310,72.8
198311,72.4
198312,72.2
198401,72.4
198402,72.9
198403,73.0
198404,73.2
198405,73.7
198406,73.2
198407,73.3
198408,72.7
198409,73.8
198410,74.4
198411,74.0
198412,74.1
198501,74.4
198502,74.1
198503,74.4
198504,74.8
198505,75.0
198506,75.0
198507,75.1
198508,75.0
198509,75.0
198510,75.7
198511,75.1
198512,75.2
198601,75.5
198602,75.4
198603,75.3
198604,75.6
198605,75.8
198606,75.4
198607,75.2
198608,75.0
198609,75.4
198610,75.5
198611,75.1
198612,75.0
198701,74.7
198702,74.7
198703,75.0
198704,75.6
198705,75.8
198706,75.6
198707,75.3
198708,75.3
198709,76.0
198710,76.0
198711,75.6
198712,75.6
198801,75.3
198802,75.2
198803,75.5
198804,75.9
198805,75.9
198806,75.8
198807,75.6
198808,75.9
198809,76.5
198810,76.8
198811,76.5
198812,76.3
198901,76.2
198902,75.9
198903,76.3
198904,77.7
198905,78.1
198906,78.0
198907,77.9
198908,77.8
198909,78.5
198910,79.1
198911,78.3
198912,78.3
199001,78.7
199002,78.8
199003,79.1
199004,79.7
199005,80.1
199006,79.8
199007,79.7
199008,80.0
199009,80.6
199010,81.5
199011,81.3
199012,81.3
199101,81.8
199102,81.6
199103,82.0
199104,82.5
199105,82.9
199106,82.5
199107,82.5
199108,82.6
199109,82.8
199110,83.7
199111,83.8
199112,83.4
199201,83.3
199202,83.2
199203,83.6
199204,84.5
199205,84.5
199206,84.5
199207,83.8
199208,84.1
199209,84.5
199210,84.5
199211,84.4
199212,84.4
199301,84.3
199302,84.4
199303,84.6
199304,85.2
199305,85.3
199306,85.2
199307,85.4
199308,85.7
199309,85.7
199310,85.7
199311,85.2
199312,85.3
199401,85.3
199402,85.3
199403,85.7
199404,85.9
199405,86.0
199406,85.7
199407,85.3
199408,85.7
199409,85.9
199410,86.3
199411,86.1
199412,85.8
199501,85.8
199502,85.6
199503,85.5
199504,85.7
199505,85.9
199506,85.8
199507,85.4
199508,85.5
199509,86.0
199510,85.7
199511,85.5
199512,85.5
199601,85.4
199602,85.2
199603,85.4
199604,85.9
199605,86.1
199606,85.8
199607,85.7
199608,85.7
199609,86.0
199610,86.2
199611,85.9
199612,86.0
199701,85.9
199702,85.7
199703,85.8
199704,87.5
199705,87.7
199706,87.7
199707,87.4
199708,87.5
199709,88.1
199710,88.3
199711,87.7
199712,87.5
199801,87.5
199802,87.4
199803,87.7
199804,87.9
199805,88.1
199806,87.8
199807,87.3
199808,87.2
199809,87.9
199810,88.5
199811,88.4
199812,88.1
199901,87.6
199902,87.3
199903,87.4
199904,87.8
199905,87.8
199906,87.5
199907,87.2
199908,87.5
199909,87.7
199910,87.9
199911,87.4
199912,87.1
200001,87.0
200002,86.8
200003,86.9
200004,87.1
200005,87.2
200006,87.0
200007,86.8
200008,87.0
200009,86.9
200010,86.9
200011,86.7
200012,86.8
200101,86.8
200102,86.5
200103,86.3
200104,86.5
200105,86.6
200106,86.3
200107,86.1
200108,86.4
200109,86.3
200110,86.3
200111,85.8
200112,85.7
200201,85.6
200202,85.1
200203,85.3
200204,85.6
200205,85.8
200206,85.7
200207,85.4
200208,85.6
200209,85.6
200210,85.5
200211,85.5
200212,85.5
200301,85.2
200302,84.9
200303,85.2
200304,85.5
200305,85.6
200306,85.4
200307,85.2
200308,85.4
200309,85.5
200310,85.5
200311,85.0
200312,85.1
200401,84.9
200402,84.9
200403,85.1
200404,85.1
200405,85.2
200406,85.4
200407,85.1
200408,85.2
200409,85.5
200410,85.9
200411,85.7
200412,85.3
200501,85.1
200502,84.9
200503,85.1
200504,85.2
200505,85.3
200506,85.0
200507,84.9
200508,85.0
200509,85.2
200510,85.2
200511,84.9
200512,85.0
200601,85.0
200602,84.8
200603,85.0
200604,85.1
200605,85.4
200606,85.4
200607,85.1
200608,85.7
200609,85.7
200610,85.5
200611,85.1
200612,85.2
200701,85.0
200702,84.6
200703,84.9
200704,85.1
200705,85.4
200706,85.2
200707,85.1
200708,85.5
200709,85.5
200710,85.8
200711,85.6
200712,85.8
200801,85.6
200802,85.5
200803,85.9
200804,85.8
200805,86.5
200806,86.9
200807,87.1
200808,87.3
200809,87.3
200810,87.2
200811,86.5
200812,86.1
200901,85.6
200902,85.4
200903,85.6
200904,85.7
200905,85.5
200906,85.4
200907,85.1
200908,85.4
200909,85.4
200910,85.0
200911,84.9
200912,84.7
201001,84.8
201002,84.7
201003,85.0
201004,85.0
201005,85.0
201006,84.8
201007,84.3
201008,84.4
201009,84.6
201010,84.9
201011,84.6
201012,84.4
201101,84.3
201102,84.3
201103,84.5
201104,84.6
201105,84.6
201106,84.5
201107,84.5
201108,84.6
201109,84.6
201110,84.7
201111,84.2
201112,84.2
201201,84.4
201202,84.6
201203,85.0
201204,85.0
201205,84.8
201206,84.3
201207,84.1
201208,84.2
201209,84.3
201210,84.3
201211,84.0
201212,84.1
201301,84.1
201302,84.0
201303,84.2
201304,84.4
201305,84.5
201306,84.5
201307,84.7
201308,84.9
201309,85.2
201310,85.3
201311,85.3
201312,85.4
201401,85.3
201402,85.3
201403,85.5
201404,87.3
201405,87.6
201406,87.6
201407,87.6
201408,87.8
201409,88.0
201410,87.8
201411,87.4
201412,87.5
201501,87.4
201502,87.2
201503,87.5
201504,87.9
201505,88.1
201506,87.9
201507,87.8
201508,87.9
201509,88.0
201510,88.0
201511,87.6
201512,87.6
201601,87.3
201602,87.4
201603,87.5
201604,87.7
201605,87.7
201606,87.6
201607,87.4
201608,87.4
201609,87.6
201610,88.1
201611,88.1
201612,87.9
201701,87.7
201702,87.6
201703,87.6
201704,88.0
201705,88.1
201706,88.0
201707,87.8
201708,88.0
201709,88.2
201710,88.3
201711,88.6
201712,88.8
201801,88.9
201802,88.9
201803,88.6
201804,88.5
201805,88.7
201806,88.6
201807,88.6
201808,89.1
201809,89.2
201810,89.5
201811,89.3
201812,89.0
201901,89.1
201902,89.1
201903,89.1
201904,89.3
201905,89.3
201906,89.2
201907,89.1
201908,89.4
201909,89.4
201910,89.7
201911,89.8
201912,89.7
202001,89.8
202002,89.6
202003,89.6
202004,89.5
202005,89.5
202006,89.3
202007,89.3
202008,89.4
202009,89.2
202010,89.2
202011,88.9
202012,88.7
202101,89.2
202102,89.1
202103,89.2
202104,88.5
202105,88.8
202106,88.9
202107,89.1
202108,89.1
202109,89.4
202110,89.3
202111,89.4
202112,89.4
202201,89.6
202202,90.0
202203,90.3
202204,90.7
202205,91.0
202206,91.0
202207,91.4
202208,91.7
202209,92.1
202210,92.6
202211,92.8
202212,93.0
202301,93.5
202302,92.9
202303,93.3
202304,93.8
202305,93.9
202306,94.0
202307,94.4
202308,94.6
202309,94.9
202310,95.7
202311,95.5
202312,95.4
202401,95.5
202402,95.5
202403,95.8
202404,96.2
202405,96.5
202406,96.6
202407,97.0
202408,97.5
202409,97.3
202410,97.9
202411,98.3
202412,98.9
202501,99.3
202502,98.9
202503,99.2
202504,99.7
202505,100.0
202506,99.9
202507,100.1
202508,100.3
202509,100.1
202510,100.7
202511,101.0
202512,100.9
202601,100.8
202602,100.2
202603,100.6
202604,101.0
202605,101.5
202606,101.6
202607,102.0
