fy,avg_coupon_pct
1975,7.43
1976,7.64
1977,7.44
1978,7.08
1979,7.18
1980,7.43
1981,7.51
1982,7.55
1983,7.52
1984,7.4
1985,7.2
1986,6.81
1987,6.48
1988,6.32
1989,6.16
1990,6.1
1991,6.05
1992,5.81
1993,5.39
1994,5.1
1995,4.64
1996,4.33
1997,4.02
1998,3.51
1999,3.12
2000,2.67
2001,2.3
2002,1.97
2003,1.72
2004,1.54
2005,1.42
2006,1.43
2007,1.41
2008,1.4
2009,1.36
2010,1.29
2011,1.24
2012,1.19
2013,1.15
2014,1.11
2015,1.08
2016,1.01
2017,0.95
2018,0.91
2019,0.87
2020,0.83
2021,0.78
2022,0.76
2023,0.77
2024,0.83
2025,0.98
