fy,general_account_tax_trillion_yen
1979,23.7295
1980,26.8687
1981,28.9521
1982,30.5111
1983,32.3583
1984,34.9084
1985,38.1988
1986,41.8768
1987,46.7979
1988,50.8265
1989,54.9218
1990,60.1059
1991,59.8204
1992,54.4453
1993,54.1262
1994,51.03
1995,51.9308
1996,52.0601
1997,53.9415
1998,49.4319
1999,47.2345
2000,50.7125
2001,47.9481
2002,43.8332
2003,43.2824
2004,45.589
2005,49.0654
2006,49.0691
2007,51.0182
2008,44.2673
2009,38.7331
2010,41.4868
2011,42.8326
2012,43.9314
2013,46.9529
2014,53.9707
2015,56.2854
2016,55.4686
2017,58.7875
2018,60.3564
2019,58.4415
2020,60.8216
2021,67.0379
2022,71.1374
2023,72.0761
2024,75.2321
2025,84.2226
