fy,real_gdp_growth_forecast_pct,nominal_gdp_growth_forecast_pct,source_file
2003,0.6,-0.2,h150124mitoshi.pdf
2004,1.8,0.5,h160119mitoshi.pdf
2005,1.6,1.3,h170121mitoshi.pdf
2006,1.9,2.0,h180120mitoshi.pdf
2007,2.0,2.2,h190125mitoshi.pdf
2008,2.0,2.1,h200118mitoshi.pdf
2009,0.0,0.1,0119mitoshi.pdf
2010,1.4,0.4,h220122mitoshi.pdf
2011,1.5,1.0,h230124mitoshi.pdf
2012,2.2,2.0,h240124mitoshi.pdf
2013,2.5,2.7,h250228mitoshi.pdf
2014,1.4,3.3,h260124mitoshi.pdf
2015,1.5,2.7,h270212mitoshi.pdf
2016,1.7,3.1,h280122mitoshi.pdf
2017,1.5,2.5,h290120mitoshi.pdf
2018,1.8,2.5,h300122mitoshi.pdf
2019,1.3,2.4,h310128mitoshi.pdf
2020,1.4,2.1,r020120mitoshi.pdf
2021,4.0,4.4,r030118mitoshi.pdf
2022,3.2,3.6,r040117mitoshi.pdf
2023,1.5,2.1,r050123mitoshi.pdf
2024,1.3,3.0,r060126mitoshi.pdf
2025,1.2,2.7,r070124mitoshi.pdf
2026,1.3,3.4,r080123mitoshi.pdf
